FLUSH STATUS;
create table t1(abc int primary key, xyz int hidden);
SHOW STATUS LIKE 'Feature_hidden_columns';
Variable_name	Value
Feature_hidden_columns	1
desc t1;
Field	Type	Null	Key	Default	Extra
abc	int(11)	NO	PRI	NULL	NEVER
xyz	int(11)	YES		NULL	NEVER, HIDDEN
show create table t1;
Table	Create Table
t1	CREATE TABLE `t1` (
  `abc` int(11) NOT NULL,
  `xyz` int(11) HIDDEN DEFAULT NULL,
  PRIMARY KEY (`abc`)
) ENGINE=MyISAM DEFAULT CHARSET=latin1
select * from INFORMATION_SCHEMA.COLUMNS where TABLE_SCHEMA='test' and TABLE_NAME='t1';
TABLE_CATALOG	TABLE_SCHEMA	TABLE_NAME	COLUMN_NAME	ORDINAL_POSITION	COLUMN_DEFAULT	IS_NULLABLE	DATA_TYPE	CHARACTER_MAXIMUM_LENGTH	CHARACTER_OCTET_LENGTH	NUMERIC_PRECISION	NUMERIC_SCALE	DATETIME_PRECISION	CHARACTER_SET_NAME	COLLATION_NAME	COLUMN_TYPE	COLUMN_KEY	EXTRA	PRIVILEGES	COLUMN_COMMENT	IS_GENERATED	GENERATION_EXPRESSION
def	test	t1	abc	1	NULL	NO	int	NULL	NULL	10	0	NULL	NULL	NULL	int(11)	PRI	NEVER	select,insert,update,references			NULL
def	test	t1	xyz	2	NULL	YES	int	NULL	NULL	10	0	NULL	NULL	NULL	int(11)		NEVER, HIDDEN	select,insert,update,references			NULL
drop table t1;
create table t1(a1 int hidden);
ERROR 42000: A table must have at least 1 column
create table t1(a1 blob,hidden(a1));
ERROR 42000: You have an error in your SQL syntax; check the manual that corresponds to your MariaDB server version for the right syntax to use near '(a1))' at line 1
create table t1(a1 int primary key hidden ,a2 int unique hidden , a3 blob,a4 int not null hidden unique);
ERROR HY000: Hidden column 'a1' must either have a default value or allow null values
create table t1(abc int not null hidden);
ERROR HY000: Hidden column 'abc' must either have a default value or allow null values
create table t1(a int hidden, b int);
insert into t1 values(1);
insert into t1(a) values(2);
insert into t1(b) values(3);
insert into t1(a,b) values(5,5);
select * from t1;
b
1
NULL
3
5
select a,b from t1;
a	b
NULL	1
2	NULL
NULL	3
5	5
delete from t1;
insert into t1 values(1),(2),(3),(4);
select * from t1;
b
1
2
3
4
select a from t1;
a
NULL
NULL
NULL
NULL
drop table t1;
#more complex case of hidden
create table t1(a int , b int hidden , c int hidden auto_increment unique, d blob , e int unique, f int);
desc t1;
Field	Type	Null	Key	Default	Extra
a	int(11)	YES		NULL	NEVER
b	int(11)	YES		NULL	NEVER, HIDDEN
c	int(11)	NO	PRI	NULL	NEVER, HIDDEN
d	blob	YES		NULL	NEVER
e	int(11)	YES	UNI	NULL	NEVER
f	int(11)	YES		NULL	NEVER
insert into t1 values(1,'d blob',1,1),(1,'d blob',11,1),(1,'d blob',2,1),(1,'d blob',3,1),(1,'d blob',41,1);
select * from t1;
a	d	e	f
1	d blob	1	1
1	d blob	11	1
1	d blob	2	1
1	d blob	3	1
1	d blob	41	1
drop table t1;
create table sdsdsd(a int , b int, hidden(a,b));
ERROR 42000: You have an error in your SQL syntax; check the manual that corresponds to your MariaDB server version for the right syntax to use near '(a,b))' at line 1
create table t1(a int,abc int as (a mod 3) virtual hidden);
desc t1;
Field	Type	Null	Key	Default	Extra
a	int(11)	YES		NULL	NEVER
abc	int(11)	YES		NULL	VIRTUAL GENERATED, HIDDEN
insert into t1 values(1,default);
ERROR 21S01: Column count doesn't match value count at row 1
insert into t1 values(1),(22),(233);
select * from t1;
a
1
22
233
select a,abc from t1;
a	abc
1	1
22	1
233	2
drop table t1;
create table t1(abc int primary key hidden auto_increment, a int);
desc t1;
Field	Type	Null	Key	Default	Extra
abc	int(11)	NO	PRI	NULL	NEVER, HIDDEN
a	int(11)	YES		NULL	NEVER
show create table t1;
Table	Create Table
t1	CREATE TABLE `t1` (
  `abc` int(11) NOT NULL HIDDEN AUTO_INCREMENT,
  `a` int(11) DEFAULT NULL,
  PRIMARY KEY (`abc`)
) ENGINE=MyISAM DEFAULT CHARSET=latin1
insert into t1 values(1);
insert into t1 values(2);
insert into t1 values(3);
select * from t1;
a
1
2
3
select abc,a from t1;
abc	a
1	1
2	2
3	3
delete  from t1;
insert into t1 values(1),(2),(3),(4),(6);
select abc,a from t1;
abc	a
4	1
5	2
6	3
7	4
8	6
drop table t1;
create table t1(abc int);
alter table t1 change abc ss int hidden;
ERROR 42000: A table must have at least 1 column
alter table t1 add column xyz int;
alter table t1 modify column abc  int ;
desc t1;
Field	Type	Null	Key	Default	Extra
abc	int(11)	YES		NULL	NEVER
xyz	int(11)	YES		NULL	NEVER
insert into t1 values(22);
ERROR 21S01: Column count doesn't match value count at row 1
alter table t1 modify column abc  int hidden;
desc t1;
Field	Type	Null	Key	Default	Extra
abc	int(11)	YES		NULL	NEVER, HIDDEN
xyz	int(11)	YES		NULL	NEVER
insert into t1 values(12);
drop table t1;
#some test on copy table structure with table data;
#table with hidden fields and unique keys;
create table t1(a int , b int hidden , c int hidden auto_increment unique, d blob , e int unique, f int);
desc t1;
Field	Type	Null	Key	Default	Extra
a	int(11)	YES		NULL	NEVER
b	int(11)	YES		NULL	NEVER, HIDDEN
c	int(11)	NO	PRI	NULL	NEVER, HIDDEN
d	blob	YES		NULL	NEVER
e	int(11)	YES	UNI	NULL	NEVER
f	int(11)	YES		NULL	NEVER
insert into t1 values(1,'d blob',1,1),(1,'d blob',11,1),(1,'d blob',2,1),(1,'d blob',3,1),(1,'d blob',41,1);
select * from t1;
a	d	e	f
1	d blob	1	1
1	d blob	11	1
1	d blob	2	1
1	d blob	3	1
1	d blob	41	1
select a,b,c,d,e,f from t1;
a	b	c	d	e	f
1	NULL	1	d blob	1	1
1	NULL	2	d blob	11	1
1	NULL	3	d blob	2	1
1	NULL	4	d blob	3	1
1	NULL	5	d blob	41	1
#this wont copy hidden fields and keys;
create table t2 as select * from t1;
desc t2;
Field	Type	Null	Key	Default	Extra
a	int(11)	YES		NULL	NEVER
d	blob	YES		NULL	NEVER
e	int(11)	YES		NULL	NEVER
f	int(11)	YES		NULL	NEVER
select * from t2;
a	d	e	f
1	d blob	1	1
1	d blob	11	1
1	d blob	2	1
1	d blob	3	1
1	d blob	41	1
select a,b,c,d,e,f from t2;
ERROR 42S22: Unknown column 'b' in 'field list'
drop table t2;
#now this will copy hidden fields
create table t2 as select a,b,c,d,e,f from t1;
desc t2;
Field	Type	Null	Key	Default	Extra
a	int(11)	YES		NULL	NEVER
b	int(11)	YES		NULL	NEVER
c	int(11)	NO		0	NEVER
d	blob	YES		NULL	NEVER
e	int(11)	YES		NULL	NEVER
f	int(11)	YES		NULL	NEVER
select * from t2;
a	b	c	d	e	f
1	NULL	1	d blob	1	1
1	NULL	2	d blob	11	1
1	NULL	3	d blob	2	1
1	NULL	4	d blob	3	1
1	NULL	5	d blob	41	1
select a,b,c,d,e,f from t2;
a	b	c	d	e	f
1	NULL	1	d blob	1	1
1	NULL	2	d blob	11	1
1	NULL	3	d blob	2	1
1	NULL	4	d blob	3	1
1	NULL	5	d blob	41	1
drop table t2,t1;
#some test related to copy of data from one table to another;
create table t1(a int , b int hidden , c int hidden auto_increment unique, d blob , e int unique, f int);
insert into t1 values(1,'d blob',1,1),(1,'d blob',11,1),(1,'d blob',2,1),(1,'d blob',3,1),(1,'d blob',41,1);
select a,b,c,d,e,f from t1;
a	b	c	d	e	f
1	NULL	1	d blob	1	1
1	NULL	2	d blob	11	1
1	NULL	3	d blob	2	1
1	NULL	4	d blob	3	1
1	NULL	5	d blob	41	1
create table t2(a int , b int hidden , c int hidden , d blob , e int unique, f int);
insert into t2 select * from t1;
select a,b,c,d,e,f from t2;
a	b	c	d	e	f
1	NULL	NULL	d blob	1	1
1	NULL	NULL	d blob	11	1
1	NULL	NULL	d blob	2	1
1	NULL	NULL	d blob	3	1
1	NULL	NULL	d blob	41	1
truncate t2;
insert into t2 (a,b,c,d,e,f) select a,b,c,d,e,f from t1;
select a,b,c,d,e,f from t2;
a	b	c	d	e	f
1	NULL	1	d blob	1	1
1	NULL	2	d blob	11	1
1	NULL	3	d blob	2	1
1	NULL	4	d blob	3	1
1	NULL	5	d blob	41	1
truncate t2;
drop table t1,t2;
#some test related to creating view on table with hidden column;
create table t1(a int , b int hidden , c int hidden auto_increment unique, d blob , e int unique, f int);
insert into t1 values(1,'d blob',1,1),(1,'d blob',11,1),(1,'d blob',2,1),(1,'d blob',3,1),(1,'d blob',41,1);
create view v as select * from t1;
desc v;
Field	Type	Null	Key	Default	Extra
a	int(11)	YES		NULL	NEVER
d	blob	YES		NULL	NEVER
e	int(11)	YES		NULL	NEVER
f	int(11)	YES		NULL	NEVER
select * from v;
a	d	e	f
1	d blob	1	1
1	d blob	11	1
1	d blob	2	1
1	d blob	3	1
1	d blob	41	1
#v does not have hidden column;
select a,b,c,d,e,f from v;
ERROR 42S22: Unknown column 'b' in 'field list'
insert into v values(1,21,32,4);
select * from v;
a	d	e	f
1	d blob	1	1
1	d blob	11	1
1	d blob	2	1
1	d blob	3	1
1	d blob	41	1
1	21	32	4
insert into v(a,b,c,d,e,f) values(1,12,3,4,5,6);
ERROR 42S22: Unknown column 'b' in 'field list'
drop view v;
create view v as select a,b,c,d,e,f from t1;
desc v;
Field	Type	Null	Key	Default	Extra
a	int(11)	YES		NULL	NEVER
b	int(11)	YES		NULL	NEVER
c	int(11)	NO		0	NEVER
d	blob	YES		NULL	NEVER
e	int(11)	YES		NULL	NEVER
f	int(11)	YES		NULL	NEVER
select * from v;
a	b	c	d	e	f
1	NULL	1	d blob	1	1
1	NULL	2	d blob	11	1
1	NULL	3	d blob	2	1
1	NULL	4	d blob	3	1
1	NULL	5	d blob	41	1
1	NULL	6	21	32	4
#v does  have hidden column but they aren't hidden anymore.
select a,b,c,d,e,f from v;
a	b	c	d	e	f
1	NULL	1	d blob	1	1
1	NULL	2	d blob	11	1
1	NULL	3	d blob	2	1
1	NULL	4	d blob	3	1
1	NULL	5	d blob	41	1
1	NULL	6	21	32	4
insert into v values(1,26,33,4,45,66);
select a,b,c,d,e,f from v;
a	b	c	d	e	f
1	NULL	1	d blob	1	1
1	NULL	2	d blob	11	1
1	NULL	3	d blob	2	1
1	NULL	4	d blob	3	1
1	NULL	5	d blob	41	1
1	NULL	6	21	32	4
1	26	33	4	45	66
insert into v(a,b,c,d,e,f) values(1,32,31,41,5,6);
select a,b,c,d,e,f from v;
a	b	c	d	e	f
1	NULL	1	d blob	1	1
1	NULL	2	d blob	11	1
1	NULL	3	d blob	2	1
1	NULL	4	d blob	3	1
1	NULL	5	d blob	41	1
1	NULL	6	21	32	4
1	26	33	4	45	66
1	32	31	41	5	6
drop view v;
drop table t1;
#now hidden column in where and some join query
create table t1 (a int unique , b int hidden unique, c int unique  hidden);
insert into t1(a,b,c) values(1,1,1);
insert into t1(a,b,c) values(2,2,2);
insert into t1(a,b,c) values(3,3,3);
insert into t1(a,b,c) values(4,4,4);
insert into t1(a,b,c) values(21,21,26);
insert into t1(a,b,c) values(31,31,35);
insert into t1(a,b,c) values(41,41,45);
insert into t1(a,b,c) values(22,22,24);
insert into t1(a,b,c) values(32,32,33);
insert into t1(a,b,c) values(42,42,43);
explain select * from t1 where b=3;
id	select_type	table	type	possible_keys	key	key_len	ref	rows	Extra
1	SIMPLE	t1	const	b	b	5	const	1	
select * from t1 where b=3;
a
3
explain select * from t1 where c=3;
id	select_type	table	type	possible_keys	key	key_len	ref	rows	Extra
1	SIMPLE	t1	const	c	c	5	const	1	
select * from t1 where c=3;
a
3
create table t2 as select a,b,c from t1;
desc t2;
Field	Type	Null	Key	Default	Extra
a	int(11)	YES		NULL	NEVER
b	int(11)	YES		NULL	NEVER
c	int(11)	YES		NULL	NEVER
explain select * from t1,t2 where t1.b = t2.c and t1.c = t2.b;
id	select_type	table	type	possible_keys	key	key_len	ref	rows	Extra
1	SIMPLE	t2	ALL	NULL	NULL	NULL	NULL	10	
1	SIMPLE	t1	ALL	b,c	NULL	NULL	NULL	10	Using where; Using join buffer (flat, BNL join)
select * from t1,t2 where t1.b = t2.c and t1.c = t2.b;
a	a	b	c
1	1	1	1
2	2	2	2
3	3	3	3
4	4	4	4
drop table t1,t2;
#Unhide  hidden columns
create table t1 (a int primary key, b int hidden, c int hidden unique);
show create table t1;
Table	Create Table
t1	CREATE TABLE `t1` (
  `a` int(11) NOT NULL,
  `b` int(11) HIDDEN DEFAULT NULL,
  `c` int(11) HIDDEN DEFAULT NULL,
  PRIMARY KEY (`a`),
  UNIQUE KEY `c` (`c`)
) ENGINE=MyISAM DEFAULT CHARSET=latin1
desc t1;
Field	Type	Null	Key	Default	Extra
a	int(11)	NO	PRI	NULL	NEVER
b	int(11)	YES		NULL	NEVER, HIDDEN
c	int(11)	YES	UNI	NULL	NEVER, HIDDEN
alter table t1 modify column b int;
desc t1;
Field	Type	Null	Key	Default	Extra
a	int(11)	NO	PRI	NULL	NEVER
b	int(11)	YES		NULL	NEVER
c	int(11)	YES	UNI	NULL	NEVER
alter table t1 change column c d int;
desc t1;
Field	Type	Null	Key	Default	Extra
a	int(11)	NO	PRI	NULL	NEVER
b	int(11)	YES		NULL	NEVER
d	int(11)	YES	UNI	NULL	NEVER
drop table t1;
SHOW STATUS LIKE 'Feature_hidden_columns';
Variable_name	Value
Feature_hidden_columns	44
#hidden is non reserved
create table t1(a int unique , hidden int hidden, c int );
desc t1;
Field	Type	Null	Key	Default	Extra
a	int(11)	YES	UNI	NULL	NEVER
hidden	int(11)	YES		NULL	NEVER, HIDDEN
c	int(11)	YES		NULL	NEVER
alter table t1 change column hidden hid int hidden;
desc t1;
Field	Type	Null	Key	Default	Extra
a	int(11)	YES	UNI	NULL	NEVER
hid	int(11)	YES		NULL	NEVER, HIDDEN
c	int(11)	YES		NULL	NEVER
drop table t1;
